{"cameraMode":{"drawMode":0,"name":"Shaded","section":"Shading Mode"},"sceneLighting":true,"audioPlay":false,"sceneViewState":{"showFog":true,"showMaterialUpdate":false,"showSkybox":true,"showFlares":true,"showImageEffects":true,"showParticleSystems":true},"in2DMode":false,"pivot":{"x":45.62821960449219,"y":4.404079437255859,"z":93.69959259033203},"rotation":{"x":0.039619725197553638,"y":-0.2892322242259979,"z":0.011961688287556172,"w":0.9563790559768677},"size":42.48031234741211,"orthographic":false}